city,coordinates,city_ru
Barcelona,"[2.1734, 41.3851]","Барселона"
Atlanta,"[-84.3880, 33.7490]","Атланта"
Sydney,"[151.2093, -33.8688]","Сидней"
Athina,"[23.7275, 37.9838]","Афины"
Beijing,"[116.4074, 39.9042]","Пекин"
London,"[-0.1276, 51.5072]","Лондон"
Rio de Janeiro,"[-43.1729, -22.9068]","Рио-де-Жанейро"
Tokyo,"[139.6917, 35.6895]","Токио"
Albertville,"[6.3922, 45.6746]","Альбервиль"
Lillehammer,"[10.4662, 61.1153]","Лиллехаммер"
Nagano,"[138.1812, 36.6513]","Нагано"
Salt Lake City,"[-111.8910, 40.7608]","Солт-Лейк-Сити"
Torino,"[7.6869, 45.0703]","Турин"
Vancouver,"[-123.1207, 49.2827]","Ванкувер"
Sochi,"[39.7247, 43.5855]","Сочи"
PyeongChang,"[128.3897, 37.3700]","Пхёнчхан"