sport,sport_ru
Archery,Стрельба из лука
Artistic Gymnastics,Спортивная гимнастика
Artistic Swimming,Синхронное плавание
Athletics,Лёгкая атлетика
Badminton,Бадминтон
Baseball,Бейсбол
Basketball,Баскетбол
Basque pelota,Баскская пелота
Boxing,Бокс
Canoe Slalom,Гребной слалом
Canoe Sprint,Гребля на байдарках и каноэ
Cycling Road,Шоссейный велоспорт
Cycling Track,Трековый велоспорт
Diving,Прыжки в воду
Equestrian Dressage,Выездка
Equestrian Eventing,Конное троеборье
Equestrian Jumping,Конкур
Fencing,Фехтование
Football,Футбол
Handball,Гандбол
Hockey,Хоккей на траве
Judo,Дзюдо
Modern Pentathlon,Современное пятиборье
Rhythmic Gymnastics,Художественная гимнастика
Roller Hockey,Хоккей на роликах
Rowing,Академическая гребля
Sailing,Парусный спорт
Shooting,Стрельба
Swimming,Плавание
Table Tennis,Настольный теннис
Taekwondo,Тхэквондо
Tennis,Теннис
Volleyball,Волейбол
Water Polo,Водное поло
Weightlifting,Тяжёлая атлетика
Wrestling,Борьба
Alpine Skiing,Горнолыжный спорт
Biathlon,Биатлон
Bobsleigh,Бобслей
Cross Country Skiing,Лыжные гонки
Curling,Кёрлинг
Figure Skating,Фигурное катание
Freestyle Skiing,Фристайл
Ice Hockey,Хоккей с шайбой
Luge,Санный спорт
Nordic Combined,Северная комбинация
Short Track Speed Skating,Шорт-трек
Ski Jumping,Прыжки на лыжах с трамплина
Speed Skating,Конькобежный спорт
Speed Skiing,Скоростной спуск на лыжах
Beach Volleyball,Пляжный волейбол
Cycling Mountain Bike,Маунтинбайк
Softball,Софтбол
Snowboarding,Сноуборд
Trampolining,Прыжки на батуте
Triathlon,Триатлон
Skeleton,Скелетон
Cycling BMX Racing,BMX-гонки
Marathon Swimming,Плавание на открытой воде
Wushu,Ушу
Golf,Гольф
Rugby Sevens,Регби-7
3x3 Basketball,Баскетбол 3×3
Cycling BMX Freestyle,BMX-фристайл
Karate,Каратэ
Skateboarding,Скейтбординг
Sport Climbing,Спортивное скалолазание
Surfing,Серфинг